Apple 아이폰 13 256GB [자급제],"1,130,000원",https://cr.shopping.naver.com/adcr.nhn?x=EKo9ETrn6LxvrtAOXy08%2Bv%2F%2F%2Fw%3D%3Dse1nLv9mljoibOMP5GUhGrbpQ1Q4D7%2BVlwz0a5mnNpLxhJz9H0Ub4KLvuVTVtNMxMbckQvVQOFvdfrxlpIL6IGW2dqEHdWvDHex2i5pQCQWBw6W5Icg1EaGK8FhY4HvVSEGlKxaPEXS%2BTlgb4lMsSYsi30QtKP1mA7BYZPpxeJLexWvZfe2todmJfmpbNrXnqXKJBKazWTMr3TF%2BX7oeAGbix7jXt7MNVc9AIu4EfDZlNEwRr%2B3STfYHGn%2FB5b3e4BfzlCHklqppUCWZ6vhqBVmPr%2F1g%2Bh2G52vm7o%2FQM7vEQhkkHXK4%2FmSRy5icYE%2F27BW36r4QZshREfg%2B3vq7RNjhKucGNp5H%2FZRWKrjRJjbI6JIeyjRJJG8AQSjlBThBKRuaDR2LrEXFDwvTptY5wkd42zEVOHkRt1m9hvixzMvciNvEAyH7XT6ObGe95mRdUsw%2FEBFoDxdMAZ4HSpGP%2F1sbbTrOhMmQpEkp4UEtzKmSE4FQdvRmo7oxOSvwywmch%2BPn%2F0%2FsFFiwjT7S5BsR0E2kBqENm4brsuZ1VppozJYYRpOFzCbaM6OU97uoPifjruoie%2FsdfKcJGOXyh%2B5AE%2Bpvbe%2FFZhtmV892l1VGhChfHICEQpPL7Rm%2B2fyhjEhHR&nvMid=29029192591&catId=50001519
Apple 아이폰 13 프로 128GB [자급제],"1,215,000원",https://cr.shopping.naver.com/adcr.nhn?x=MRkdE%2Bggb9nYtso%2FhnJTbf%2F%2F%2Fw%3D%3Dsr7NlQUsNoXtRc4UjYcR0JXnWpOJyVLr7IPu%2FMHQ%2FUyRhJz9H0Ub4KLvuVTVtNMxMbvd%2FCzdCACXgJCylma2US22dqEHdWvDHex2i5pQCQWBw6W5Icg1EaGK8FhY4HvVSEGlKxaPEXS%2BTlgb4lMsSYsi30QtKP1mA7BYZPpxeJLexWvZfe2todmJfmpbNrXnquNUGE%2F8E2Wl6h%2B8WEwxe9bix7jXt7MNVc9AIu4EfDZlNEwRr%2B3STfYHGn%2FB5b3e4BfzlCHklqppUCWZ6vhqBVmPr%2F1g%2Bh2G52vm7o%2FQM7vEQhkkHXK4%2FmSRy5icYE%2F27BW36r4QZshREfg%2B3vq7RNgIgNEJuYG%2BuYFd7P1yQkmE6JIeyjRJJG8AQSjlBThBKRuaDR2LrEXFDwvTptY5wkfr86rd8M1jdgUjH1e%2FsDI8iNvEAyH7XT6ObGe95mRdUsw%2FEBFoDxdMAZ4HSpGP%2F1ik8f%2FiWvMO27Psyw5wH0mki5HSrzhhCOMWuXdZxvGXvk9L6rt0SOVsUsc5EylGdlZ4%2FXOMvG5bC1vabwCs4si6hYZ%2FhI%2FkN84je6k%2F%2BbfyXHONNxfChUzyWuEvqKDLzchtE8jGwJdc6CQpBLiYAWk%2FHICEQpPL7Rm%2B2fyhjEhHR&nvMid=29030420587&catId=50001519
Apple 아이폰 13 미니 128GB [자급제],"912,285원",https://cr.shopping.naver.com/adcr.nhn?x=XyoWQ1QML6IOrtFxqdlzs%2F%2F%2F%2Fw%3D%3DsHldtfGOjeISiMn7rUo0h7DAmbvv9CSRZySphbEf9n%2FIbsBKbbjTB%2BBCjsLv6tz%2BjtCtHvrNn0ZUh44FB9j73aLjvmrFeeRWDg6JbglLmm%2BNSUdGdbvWNKA2ZOV8ddR0aC%2BibZ%2BXQCH0tOvkh86Xl10gAn8lD2%2BxrgblrBqYwPdWug%2B9sjA7rHdeMLkY%2BwIMUBsMQtj5XHDJQWXtaIT33czQZD6UDT51Dg8nNb9lI8fV%2BFLPJmN7kd5F0maTGsL0cFrSkyTNNHq45IeF9iQnXnuLWy43PRJAA6X8x78nplMyk6v2w9jBqMGR4TTsgYaQnlII%2ByYYqWVu3SSXxcjEJdJKGZ1uiheaAN3pkPvnOeRNqLzcRVswO%2FNXTrA15l4GNbF4OZVL2Q%2FcwuxYvViSThzGbkeYhnXlLdW%2BW%2BH9FFgycPfwzF9ktWcxdrcTtO8KUh7eRXhvx%2B18MP%2FzLgC0qJUfTmu80PPs%2FMBPhnIzy5qt1I8EDCh5n2RBrPUf%2BYM4BX8a%2FHvPOPEuDd1Ce%2FzZYNZp9ffGz6kYjq4IyGfCUpTqzeaRM7nVu0mXlzgvt2NyJRcr15Kty4fmGxB2pSaMJdfKZnVAWM49k%2Fxv0emVIO85Xc50eBITwugSNPH3Ok09sVpGw61BSdoQRvEGgfFlc5w%3D%3D&nvMid=29030650586&catId=50001519
Apple 아이폰 13 프로 256GB [자급제],"1,341,000원",https://cr.shopping.naver.com/adcr.nhn?x=NIgs9Z0ReC8GAg1NGpS%2BWP%2F%2F%2Fw%3D%3DszgJS%2BfnNam%2FwNHb7PKwQMTm1RE9z2b4yORVj9izZoH5hJz9H0Ub4KLvuVTVtNMxMd1U4ydMr6h6MSztA1uyIvG2dqEHdWvDHex2i5pQCQWBw6W5Icg1EaGK8FhY4HvVSEGlKxaPEXS%2BTlgb4lMsSYsi30QtKP1mA7BYZPpxeJLexWvZfe2todmJfmpbNrXnq6b4twwZe%2FXnN8SL9cd67Sbix7jXt7MNVc9AIu4EfDZlNEwRr%2B3STfYHGn%2FB5b3e4BfzlCHklqppUCWZ6vhqBVmPr%2F1g%2Bh2G52vm7o%2FQM7vEQhkkHXK4%2FmSRy5icYE%2F27ZC%2BSXUxwyLUckntucAABtXHiv%2BUImnZ0rGZVYDNDnpA6JIeyjRJJG8AQSjlBThBKRuaDR2LrEXFDwvTptY5wkZQ0kdVDVx78Dl8rIX%2F%2Fn%2B4iNvEAyH7XT6ObGe95mRdUsw%2FEBFoDxdMAZ4HSpGP%2F1rHmR2kvzsEsl54XiSgYGYgi5HSrzhhCOMWuXdZxvGXvk9L6rt0SOVsUsc5EylGdlavWY9oezPRe4oy9mq62wTuhYZ%2FhI%2FkN84je6k%2F%2BbfyXwK5IvvuXBQyBDZOK%2BIQItwwzqVwRJ0EVl7mo8h6cDe3Njqh%2FZemCCOboDhnweAmG&nvMid=29030492586&catId=50001519
Apple 아이폰 13 128GB [자급제],"804,080원",https://cr.shopping.naver.com/adcr.nhn?x=ndmnZhL1Pxat%2FnbyNEbKFP%2F%2F%2Fw%3D%3Ds0c4sjTTIouTTWstPU4EuFpvLCZE3FkYburAoZafSjmtWQE1WikGGRjsm7ORTamZ7W138yfV%2BzLiyj6vdyaBFOTWz4pREwjcv0FRMyO3oysLeG5OL4eJVDEzIz5M6YrsB6ZTKwBbsQhbdYBfZSAkfDkPg%2F6PYJW9LpCSumzPJoiiI9aZyW4hhCgmcrsQhWGWG7TgBVo8UmYdzXRq3xjDWuvKAXVfyDB1yTbVYYpYzcFnUHxlEatbmVq7jmztE%2FywsEOfarYiwCd4hioQxH7PY56Uc7oJ0GV8I0vt0%2FsC%2BQlQHs%2F2PHkpmvWjL2qy1nHubpJBZuQNoprosaC6XIrqjYdDkWFHK9JwZrMwDcJGas75KjRp2D9pkBhcJdqPQCXkTTnW3yIF%2Bz51ob0Yyo7%2FKwXX3LwwO%2BgzMfhJbn8Cq19ILSv5SYzis5SVdiBAX6a8RiFsn8y0jIqBOModVs088%2Bs%2FFIf4yGPCeFlgQd%2BW1h9K7A%2F0vSPti8cHY4o2fastwWVz6QJnvUjb5YDp8ElMd3HyIMTU1udyid64pEFY0NVK%2FhgaMkJIhbUi8HFdPXAb3PYLKjqbhJOtW8OBBDDT37QN%2BQsjK6V0FLd%2Fybx7qcubNSE3OzZUT76KyqzckASmm&nvMid=29030374587&catId=50001519
Apple 아이폰 13 미니 256GB [자급제],"825,650원",https://cr.shopping.naver.com/adcr.nhn?x=wOft2gkbwclSRSZ20%2BSjJ%2F%2F%2F%2Fw%3D%3DsvPmbou4wryubI1cAQSbRfMlgtitpVlP0qKOeJIbo%2FFRWQE1WikGGRjsm7ORTamZ7kGBs4Hw4bLK1OxTHIQt%2B4TWz4pREwjcv0FRMyO3oysLeG5OL4eJVDEzIz5M6YrsB6ZTKwBbsQhbdYBfZSAkfDkPg%2F6PYJW9LpCSumzPJoiiI9aZyW4hhCgmcrsQhWGWGEhUbZ%2FNZ8avqUf6HuykXvPKAXVfyDB1yTbVYYpYzcFnUHxlEatbmVq7jmztE%2FywsEOfarYiwCd4hioQxH7PY56Uc7oJ0GV8I0vt0%2FsC%2BQlQHs%2F2PHkpmvWjL2qy1nHubDdG66%2F6ccLhh1IDBhutf6LPQqBcBLo9AWkKO%2BJ%2BQgsRKjRp2D9pkBhcJdqPQCXkTMM1plBQtkhaEWAH4rmffCHGPTx6ShVHv2wQJF8zHRbwLSv5SYzis5SVdiBAX6a8Rg4OPtThFM2yPBsnrKnNGz2rmButq64KTClYrJqqBljSZZd0C6e2Zyps4U6T5DErBvcQeIaAGIIQRnJcrzv7qxQwHxbpTLrAH%2BOVv55y42boNauEcRynSn%2F8orOK7nc90%2BG4o%2B6fmCRoryCCMDfYT4%2FxiedRkiutmaLMFlK0Wz4eFbDf4gHI5rSMJU1BWcIOg&nvMid=29030437590&catId=50001519
Apple 아이폰 13 프로 맥스 256GB [자급제],"1,467,000원",https://cr.shopping.naver.com/adcr.nhn?x=eVPKROveCR6vTCu19nibev%2F%2F%2Fw%3D%3DsihWCMLJl3QVq%2Fbw%2B5YVH9lQ061PqVkPit1GP3HoWssJhJz9H0Ub4KLvuVTVtNMxMBKH2l4WClKfvqZgrmoLts22dqEHdWvDHex2i5pQCQWBw6W5Icg1EaGK8FhY4HvVSEGlKxaPEXS%2BTlgb4lMsSYsi30QtKP1mA7BYZPpxeJLexWvZfe2todmJfmpbNrXnqiTiHgV17tngZX6ODLdebGbix7jXt7MNVc9AIu4EfDZlNEwRr%2B3STfYHGn%2FB5b3e4BfzlCHklqppUCWZ6vhqBVmPr%2F1g%2Bh2G52vm7o%2FQM7vEQhkkHXK4%2FmSRy5icYE%2F27BW36r4QZshREfg%2B3vq7RNvdbqhSBGfpNlJ7NC4DNOsc6JIeyjRJJG8AQSjlBThBKRuaDR2LrEXFDwvTptY5wkZ9EHSgh%2F%2FoizR2LmfrmEvgiNvEAyH7XT6ObGe95mRdUsw%2FEBFoDxdMAZ4HSpGP%2F1tL2yaoxAGlqznjSfaC69RlHvnooNqPrYNxtJrDRXqeG8jR8gVF8FlQ9pItE8Zzc8g3KT%2FeNyfbGq0atePIzpwD1L%2F2SvnhWa13QaqdSumNdjr%2Fvhuz%2FM2bOeEg7k3nONaWke5l3gSZXd3dYYTQv%2F8T0UbNk5di1V8jUMbmtHii%2FBq7h9PA5SrIXrcWPClBGWw%3D%3D&nvMid=29030294588&catId=50001519
Apple 아이폰 13 프로 맥스 512GB [자급제],"1,289,000원",https://cr.shopping.naver.com/adcr.nhn?x=9ABdUvSqtC6ReRAXoWyzr%2F%2F%2F%2Fw%3D%3Ds5VCu8t00DFt3YWCEtxRBJyrl%2Bj5q2ACwx8MYynIn4c9hJz9H0Ub4KLvuVTVtNMxMigtAdxHCHXyv%2B3RnIYb6aW2dqEHdWvDHex2i5pQCQWBw6W5Icg1EaGK8FhY4HvVSEGlKxaPEXS%2BTlgb4lMsSYsi30QtKP1mA7BYZPpxeJLexWvZfe2todmJfmpbNrXnqmD3tRrdK1cFWEMxpF2wcAbix7jXt7MNVc9AIu4EfDZlNEwRr%2B3STfYHGn%2FB5b3e4BfzlCHklqppUCWZ6vhqBVmPr%2F1g%2Bh2G52vm7o%2FQM7vEQhkkHXK4%2FmSRy5icYE%2F27BW36r4QZshREfg%2B3vq7RNiNBBBLedtQuU5TXAY%2BXbb86JIeyjRJJG8AQSjlBThBKRuaDR2LrEXFDwvTptY5wkcumofbXYj946r2GYPS3uK4iNvEAyH7XT6ObGe95mRdUsw%2FEBFoDxdMAZ4HSpGP%2F1ooxK4oNyEnYnImnO7rEtZEWD%2BrNa4qE%2Bx%2FvqVwvK7Ta8jR8gVF8FlQ9pItE8Zzc8kDcOTltB%2BSxWBB9IUfXZmpy43vEHb1tedp5mMVkWPaCjr%2Fvhuz%2FM2bOeEg7k3nONYIzCKzYoLrm%2BGDH00yudKL0UbNk5di1V8jUMbmtHii%2FBq7h9PA5SrIXrcWPClBGWw%3D%3D&nvMid=29029192586&catId=50001519
Apple 아이폰 13 프로 512GB [자급제],"1,584,000원",https://cr.shopping.naver.com/adcr.nhn?x=qUK%2FZRhUIpjuwCISCUDYA%2F%2F%2F%2Fw%3D%3Dsm8JG3PPVHqGnOP%2Fa2rnmvkW3S7R2g%2BEFzqGISl1pKkRhJz9H0Ub4KLvuVTVtNMxMf0oi3LENzA2gcqFUAXOzBW2dqEHdWvDHex2i5pQCQWBw6W5Icg1EaGK8FhY4HvVSEGlKxaPEXS%2BTlgb4lMsSYsi30QtKP1mA7BYZPpxeJLexWvZfe2todmJfmpbNrXnqlDPFdx1sLuYHxlc7aw3L%2Brix7jXt7MNVc9AIu4EfDZlNEwRr%2B3STfYHGn%2FB5b3e4BfzlCHklqppUCWZ6vhqBVmPr%2F1g%2Bh2G52vm7o%2FQM7vEQhkkHXK4%2FmSRy5icYE%2F27BW36r4QZshREfg%2B3vq7RNlndxWXgGFiq3tTQWpNsn6Y6JIeyjRJJG8AQSjlBThBKRuaDR2LrEXFDwvTptY5wkWnth110%2FwphIVtZLgttti8iNvEAyH7XT6ObGe95mRdUsw%2FEBFoDxdMAZ4HSpGP%2F1p32zsG5xtq8VV99GPhPX2Qi5HSrzhhCOMWuXdZxvGXvk9L6rt0SOVsUsc5EylGdlYetyr2UYiTYU3dBIAcm%2B0mhYZ%2FhI%2FkN84je6k%2F%2BbfyXeBypmyVuo1g0WiPd9L6aqqkoaeKtAmfT2qzT0%2FmjUaHHICEQpPL7Rm%2B2fyhjEhHR&nvMid=29030416587&catId=50001519
Apple 아이폰 13 프로 맥스 128GB [자급제],"1,341,000원",https://cr.shopping.naver.com/adcr.nhn?x=8vmF9XWwG69CsXivVr67v%2F%2F%2F%2Fw%3D%3DsNsLZbBJ6AowIBQZCMkDaqpEhRLNqQCs0d0R8IFzz05kbsBKbbjTB%2BBCjsLv6tz%2BjNqUKrmuvGpXHSee5eh0IszNAqLmJG549GUAl2qLqYZFSUdGdbvWNKA2ZOV8ddR0aC%2BibZ%2BXQCH0tOvkh86Xl10gAn8lD2%2BxrgblrBqYwPdWug%2B9sjA7rHdeMLkY%2BwIMUnr7qtY8dVn8btdAmR5NIrzQZD6UDT51Dg8nNb9lI8fV%2BFLPJmN7kd5F0maTGsL0cFrSkyTNNHq45IeF9iQnXnuLWy43PRJAA6X8x78nplMyk6v2w9jBqMGR4TTsgYaQnlII%2ByYYqWVu3SSXxcjEJdOpsTCaYOlgmEVUfBYf5oftqLzcRVswO%2FNXTrA15l4GNbF4OZVL2Q%2FcwuxYvViSTh%2Brtiy45jQlsFks%2B8iiFnR%2BcPfwzF9ktWcxdrcTtO8KUh7eRXhvx%2B18MP%2FzLgC0qJVOBpL3kKBeNwNuOk45o3IVBtWA3bgrCJTVPNVLYJDvay%2F5xiDZEmKfndsQAGO1A54Q%2FCbBHICgrp5QAK1QkJRbVUV2nyrHfM3o5fhbOtvacYnHIcETcJifOE8sb44IMxUzBHPBBqb5E7jUE5Ia2iI8K3fDEQm9WAjQUJsqtsCcdDhLBwu%2FFQS5xWYf5w6G3jQ%3D%3D&nvMid=29030367587&catId=50001519
Apple 아이폰 13 미니 512GB [자급제],"1,289,000원",https://cr.shopping.naver.com/adcr.nhn?x=PP%2B4AIFeH5kwE%2FJoneDEgP%2F%2F%2Fw%3D%3DsXfs6R2h3y28TfvdP6T4Vl2W2vUDKwI1jcrwR%2F6VYJTlWQE1WikGGRjsm7ORTamZ7zlYHLUJIW0a63NgcGtjXpjWz4pREwjcv0FRMyO3oysLeG5OL4eJVDEzIz5M6YrsB6ZTKwBbsQhbdYBfZSAkfDkPg%2F6PYJW9LpCSumzPJoiiI9aZyW4hhCgmcrsQhWGWGRcIO%2FsSRKHMrPSPiMPM2BfKAXVfyDB1yTbVYYpYzcFnUHxlEatbmVq7jmztE%2FywsEOfarYiwCd4hioQxH7PY56Uc7oJ0GV8I0vt0%2FsC%2BQlQHs%2F2PHkpmvWjL2qy1nHub%2FZ9HZkPKYjeWI0IeCtV2lZMHfm6s5vAO2VPZZtO28TlKjRp2D9pkBhcJdqPQCXkTK1s3piY0W43aIWUe83IvQvcLTo9Sm7EMerUll4psYjoLSv5SYzis5SVdiBAX6a8Rg4OPtThFM2yPBsnrKnNGz%2Fw5EB9JIRzfzAZXoRSCXaiZZd0C6e2Zyps4U6T5DErBvcQeIaAGIIQRnJcrzv7qxYJ%2FH2GBIt9feAcxKEHKCn6tqaMHAJkj0DAJXiYJNZCZxhegfePMjK3BMhIxNxb91EJQjUimUwZwRoI8XPbqPs5oaKZHilHbuauHUigNM5KA&nvMid=29030296587&catId=50001519
Apple 아이폰 13 프로 맥스 1TB [자급제],"1,953,000원",https://cr.shopping.naver.com/adcr.nhn?x=w28mRH41PQ9AKZxE8452mP%2F%2F%2Fw%3D%3DsF0erjEws24%2FlHn5X9ntRrLXedi7ydZ2ytZq15wNnNtkbsBKbbjTB%2BBCjsLv6tz%2Bj0mc0PBy0W8O%2B3laQ1r60ISFfgAy7cQbV9SHDAIHNcqxSUdGdbvWNKA2ZOV8ddR0aC%2BibZ%2BXQCH0tOvkh86Xl10gAn8lD2%2BxrgblrBqYwPdWug%2B9sjA7rHdeMLkY%2BwIMU5fv1ZtJFi5q7TnE%2BfdMgLTQZD6UDT51Dg8nNb9lI8fV%2BFLPJmN7kd5F0maTGsL0cFrSkyTNNHq45IeF9iQnXnuLWy43PRJAA6X8x78nplMyk6v2w9jBqMGR4TTsgYaQnlII%2ByYYqWVu3SSXxcjEJdC470Op1EWzZfFs9ayBIBbVqLzcRVswO%2FNXTrA15l4GNbF4OZVL2Q%2FcwuxYvViSTh3mn79WLmzchFcSw%2FMHe0GGcPfwzF9ktWcxdrcTtO8KUh7eRXhvx%2B18MP%2FzLgC0qJVOBpL3kKBeNwNuOk45o3IWB7sRajgsOdjuZGOI1mNDro64ifB9DVeZ8ffla9GlFdvOw2kXrwLnRLwg0WtAWR1hxI53tQ3eMOp%2BYBn8b2WsMEs8cFUTVf2EXpmSuc9bAhLEaF%2F3zf3jb4fR7P9DISUK6jgSLHjF%2F22Os%2BYhA1s00HRyPBWbUFRhWScTsgQynPg%3D%3D&nvMid=29029192590&catId=50001519
Apple 아이폰 13 프로 1TB [자급제],"1,827,000원",https://cr.shopping.naver.com/adcr.nhn?x=lwZI1cH0qspS1smT0%2ByLw%2F%2F%2F%2Fw%3D%3DsgIX2Jf4M5G9JZ%2BbEa2c%2BveFspVPYqX0t88YZymX8XhRhJz9H0Ub4KLvuVTVtNMxMtCRdFXPrbzQPdCne5js%2B2G2dqEHdWvDHex2i5pQCQWBw6W5Icg1EaGK8FhY4HvVSEGlKxaPEXS%2BTlgb4lMsSYsi30QtKP1mA7BYZPpxeJLexWvZfe2todmJfmpbNrXnqM3WLqq0EN7lRPuVNhhc%2BTLix7jXt7MNVc9AIu4EfDZlNEwRr%2B3STfYHGn%2FB5b3e4BfzlCHklqppUCWZ6vhqBVmPr%2F1g%2Bh2G52vm7o%2FQM7vEQhkkHXK4%2FmSRy5icYE%2F27ZC%2BSXUxwyLUckntucAABtYwjWoRPhtnFad6KLk058gA6JIeyjRJJG8AQSjlBThBKRuaDR2LrEXFDwvTptY5wkVujK8JsjkX5vbThvszTSdkiNvEAyH7XT6ObGe95mRdUsw%2FEBFoDxdMAZ4HSpGP%2F1tWAoDzpqjivMYNewfUaVH5D%2FkFMO4s7sTx4sbc7XXXQvaOjGxMtdSZf0nL3LrxHbJbUfGs6KAxgC8JSC8YnhxZPwCXFJiRdosf3os3K%2FWn1sCcj6jZbyWxwIWoLxvzX9aaFb2IGtDLg9V8q4VhgVr%2FNjqh%2FZemCCOboDhnweAmG&nvMid=29029192588&catId=50001519
Apple 아이폰 13 미니 128GB [LG U+],"64,290원",https://cr.shopping.naver.com/adcr.nhn?x=g7WhWmsgGnNqrC1ZCfUKcP%2F%2F%2Fw%3D%3Dsd6HsUfByxXhQOSPpcuxIgZ9Wo0tz2ROQu2ntOunKwYwbsBKbbjTB%2BBCjsLv6tz%2Bj%2FviLx0UbGfILTXow%2FqmQawIJxWX5hiFIm%2BbWwdEbzslSUdGdbvWNKA2ZOV8ddR0aC%2BibZ%2BXQCH0tOvkh86Xl10gAn8lD2%2BxrgblrBqYwPdWug%2B9sjA7rHdeMLkY%2BwIMU7xzpl%2BlOYhq%2F8o1%2FuLVZdjQZD6UDT51Dg8nNb9lI8fV%2BFLPJmN7kd5F0maTGsL0cFrSkyTNNHq45IeF9iQnXnuLWy43PRJAA6X8x78nplMyk6v2w9jBqMGR4TTsgYaQnlII%2ByYYqWVu3SSXxcjEJdESsJLhp4c0K3coB8qoZ8VhqLzcRVswO%2FNXTrA15l4GNYd6P7bKnf6IN9iERvhRLC20dDnOIfR1s4DQoYd1bS26cPfwzF9ktWcxdrcTtO8KUh7eRXhvx%2B18MP%2FzLgC0qJUfTmu80PPs%2FMBPhnIzy5qsHyKwMIinsXLRIwPAEQA4X2UjohpK7sZyY83SOIj%2FwoAFRGUAZV8k460Ujv%2BGNgdmtqaMHAJkj0DAJXiYJNZCZrqKEmIdUP7C3rDZHc16lZFsQL0ne1nEUhau%2BXg45SaFoaKZHilHbuauHUigNM5KA&nvMid=29030431586&catId=50000248
Apple 아이폰 13 512GB [자급제],"1,275,000원",https://cr.shopping.naver.com/adcr.nhn?x=e%2Bi1vmy86G0xx2sth52lAP%2F%2F%2Fw%3D%3DsGGf2wbi5T7kucbhoUbvNnH73aPROpL6lS%2FZYEFe7dkcbsBKbbjTB%2BBCjsLv6tz%2Bj%2B%2Bh4dooZvt%2FKMnHA%2BphqyhInNRBD11v4waE%2F7RJbEjRSUdGdbvWNKA2ZOV8ddR0aC%2BibZ%2BXQCH0tOvkh86Xl10gAn8lD2%2BxrgblrBqYwPdWug%2B9sjA7rHdeMLkY%2BwIMUMitlUrK3fytmuS7rXutm0DQZD6UDT51Dg8nNb9lI8fV%2BFLPJmN7kd5F0maTGsL0cFrSkyTNNHq45IeF9iQnXnuLWy43PRJAA6X8x78nplMyk6v2w9jBqMGR4TTsgYaQnlII%2ByYYqWVu3SSXxcjEJdNuqAfAyj0MpwZxFKRLLtqFqLzcRVswO%2FNXTrA15l4GNbF4OZVL2Q%2FcwuxYvViSThyoGc6Gx0l9THSC4kYF%2FIsKcPfwzF9ktWcxdrcTtO8KUh7eRXhvx%2B18MP%2FzLgC0qJdftVPDTrCb5MCMk6RiDCmAlDv77rgQoH8LCOsgmhGGjhejKyKKQJPosYkFFU2iKXiCz1665obyilwK5rdIqgawNauEcRynSn%2F8orOK7nc90z2Nm2QJ9gpDGaAkBkrLM%2BUoqsKeHg6ZNKy8jzrbqeuiFbDf4gHI5rSMJU1BWcIOg&nvMid=29030496586&catId=50001519
Apple 아이폰 13 미니 256GB [LG U+],"192,990원",https://cr.shopping.naver.com/adcr.nhn?x=tRFMI7VVLog79AYwAP21rP%2F%2F%2Fw%3D%3Ds%2BwH38NC93EVVDJ%2Bxm0g9VF%2FnBgSL6mKL6DzN2QH54kwbsBKbbjTB%2BBCjsLv6tz%2Bj12owZQpxgxdriqtkY03yZWJZkzu%2Boq%2BiEl8ZS0hOlyBSUdGdbvWNKA2ZOV8ddR0aC%2BibZ%2BXQCH0tOvkh86Xl10gAn8lD2%2BxrgblrBqYwPdWug%2B9sjA7rHdeMLkY%2BwIMUH9J2IBuyzX11BjOUDWY3GjQZD6UDT51Dg8nNb9lI8fV%2BFLPJmN7kd5F0maTGsL0cFrSkyTNNHq45IeF9iQnXnuLWy43PRJAA6X8x78nplMyk6v2w9jBqMGR4TTsgYaQnlII%2ByYYqWVu3SSXxcjEJdNHtIqlLb%2FjKKbYuf95VrSVqLzcRVswO%2FNXTrA15l4GNYd6P7bKnf6IN9iERvhRLC0uHSHAUMGdOPByTMK9PX8WcPfwzF9ktWcxdrcTtO8KUh7eRXhvx%2B18MP%2FzLgC0qJby0W5mjv%2Fw8F%2Fs1QNhsn6gHyKwMIinsXLRIwPAEQA4X2UjohpK7sZyY83SOIj%2FwoIBNwAS7wKoKE1QBZbpoLfRPwCXFJiRdosf3os3K%2FWn11qe7IRkJIzbxs4avDRxf7Ar1bwba%2BY1YVxxM8PXW0LDNjqh%2FZemCCOboDhnweAmG&nvMid=29030376589&catId=50000248
Apple 아이폰 13 프로 256GB [LG U+],"894,690원",https://cr.shopping.naver.com/adcr.nhn?x=geo%2F8I9hBJEsJYsjM0a%2Fbv%2F%2F%2Fw%3D%3DsC1TyO%2BFQhI5wwltrY0nWpkLFe7Nj4MgnfMKUiUD51csbsBKbbjTB%2BBCjsLv6tz%2BjJNwNPcwLLMf23IPDKxOa3Dc2Gbvugx9raDLB%2B93W0x9SUdGdbvWNKA2ZOV8ddR0aC%2BibZ%2BXQCH0tOvkh86Xl10gAn8lD2%2BxrgblrBqYwPdWug%2B9sjA7rHdeMLkY%2BwIMUMJUr%2Fr5heP7x50dYzAAW6TQZD6UDT51Dg8nNb9lI8fV%2BFLPJmN7kd5F0maTGsL0cFrSkyTNNHq45IeF9iQnXnuLWy43PRJAA6X8x78nplMyk6v2w9jBqMGR4TTsgYaQnlII%2ByYYqWVu3SSXxcjEJdDbyB%2FjGENGls%2ByAymdjPItqLzcRVswO%2FNXTrA15l4GNYd6P7bKnf6IN9iERvhRLC8G68m6sa%2BveW%2BZsaubJ0KOcPfwzF9ktWcxdrcTtO8KUh7eRXhvx%2B18MP%2FzLgC0qJXTg%2FsEJVpHzqP6kybO7iXkHyKwMIinsXLRIwPAEQA4X2UjohpK7sZyY83SOIj%2FwoH5otY2l107Pt2F7kXt7FflPwCXFJiRdosf3os3K%2FWn1xDzlansmHapOvB1YrwpF9b80FYQrMnXu1mvUZeEfcyjNjqh%2FZemCCOboDhnweAmG&nvMid=29030415586&catId=50000248
Apple 아이폰 13 프로 128GB [LG U+],"631,990원",https://cr.shopping.naver.com/adcr.nhn?x=iK2e%2BNB%2BUEA6m3RuCfnupv%2F%2F%2Fw%3D%3Ds1XxfKsZUegSBzAiLWe%2BcLJjyUG7ePLjwKJ%2B90KUkYxUbsBKbbjTB%2BBCjsLv6tz%2BjvXCFA9U3toH3ZOCUJKgph2R9CUMCFmqmgnJzCjMO81xSUdGdbvWNKA2ZOV8ddR0aC%2BibZ%2BXQCH0tOvkh86Xl10gAn8lD2%2BxrgblrBqYwPdWug%2B9sjA7rHdeMLkY%2BwIMUAcBTqEozy4pkQ0spRQIsFTQZD6UDT51Dg8nNb9lI8fV%2BFLPJmN7kd5F0maTGsL0cFrSkyTNNHq45IeF9iQnXnuLWy43PRJAA6X8x78nplMyk6v2w9jBqMGR4TTsgYaQnlII%2ByYYqWVu3SSXxcjEJdJo2JuGUxhx%2FYAWmwpnNq%2FBqLzcRVswO%2FNXTrA15l4GNYd6P7bKnf6IN9iERvhRLCxdWgXBLtZ4vptqts7yqaGucPfwzF9ktWcxdrcTtO8KUh7eRXhvx%2B18MP%2FzLgC0qJRZQL3TdB6ucCZA%2FS9JD78IHyKwMIinsXLRIwPAEQA4X2UjohpK7sZyY83SOIj%2FwoOnmvzxtgTuLuS5hUH2xIiVPwCXFJiRdosf3os3K%2FWn1uRqfIuy83d6TxolrRKBCLxc21SuO%2FRmMKsuJXJiEyMnNjqh%2FZemCCOboDhnweAmG&nvMid=29030175590&catId=50000248
Apple 아이폰 13 128GB [LG U+],"422,990원",https://cr.shopping.naver.com/adcr.nhn?x=R3rgnYynrS%2BdtV56ZhsJUP%2F%2F%2Fw%3D%3DsZB3KqCHF95VsrmzMTXqNuXkvdDhRexm%2Fn07ljT6mdthhJz9H0Ub4KLvuVTVtNMxM17hvAStTz3EpCfqqBUiQtm2dqEHdWvDHex2i5pQCQWBw6W5Icg1EaGK8FhY4HvVSEGlKxaPEXS%2BTlgb4lMsSYsi30QtKP1mA7BYZPpxeJLexWvZfe2todmJfmpbNrXnqYKFZZuluUMYgcwBfGEHeObix7jXt7MNVc9AIu4EfDZlNEwRr%2B3STfYHGn%2FB5b3e4BfzlCHklqppUCWZ6vhqBVmPr%2F1g%2Bh2G52vm7o%2FQM7vEQhkkHXK4%2FmSRy5icYE%2F27BW36r4QZshREfg%2B3vq7RNrpIybwWoXbGtzVMqiEfmag6JIeyjRJJG8AQSjlBThBK%2Fkpsg5AguUQPduruz0ll4dDHJ4apF2nF3bp4PRaZAdkiNvEAyH7XT6ObGe95mRdUsw%2FEBFoDxdMAZ4HSpGP%2F1sIEbG6tsCQiDYFvBvlDNV1cZ8pgTGru4bgUYhRhw82xso069f%2BdX4gQRYEBtAOJXsYYIs927x%2BFwsF5PuLTVxJ7N0%2BKs0gSFTdhwMrBXaDkQbig5EIo0AX4DGnjKHneuG9TZjqEQTAbFzUBl8432wvhVEAf6wwM5tqtSh0bB5Hx&nvMid=29030372586&catId=50000248
Apple 아이폰 13 미니 512GB [LG U+],"484,590원",https://cr.shopping.naver.com/adcr.nhn?x=yGyHUDWn466rzKgVV%2Buqaf%2F%2F%2Fw%3D%3DsR2sVGEspbg1sd1XN9hYCNyELKTDJpb4Fmb2MU1ihGDxhJz9H0Ub4KLvuVTVtNMxMTRIG%2BpBbnDwGmfbGqaqTIm2dqEHdWvDHex2i5pQCQWBw6W5Icg1EaGK8FhY4HvVSEGlKxaPEXS%2BTlgb4lMsSYsi30QtKP1mA7BYZPpxeJLexWvZfe2todmJfmpbNrXnqmNCzWTrruETuuT6FCzP1m7ix7jXt7MNVc9AIu4EfDZlNEwRr%2B3STfYHGn%2FB5b3e4BfzlCHklqppUCWZ6vhqBVmPr%2F1g%2Bh2G52vm7o%2FQM7vEQhkkHXK4%2FmSRy5icYE%2F27ZC%2BSXUxwyLUckntucAABtQDpJz02vxtqU%2FdKHbXx8pI6JIeyjRJJG8AQSjlBThBK%2Fkpsg5AguUQPduruz0ll4dny0ojKcnruLL%2FxY0eFFWsiNvEAyH7XT6ObGe95mRdUsw%2FEBFoDxdMAZ4HSpGP%2F1tMWT5qr2bRLwfdaGDVQfAUOTnITeXUIiGAT3tHOc0GbTKo5CnlLrO%2BPacbML5XxEdZjf53Vh5umYk7OgnT1qL2IDf9TYDOC4LzgCehLsur5U%2BqlHR%2BvdZWKQxQFiywDQP5mqkmFkKUtXvv%2BcncjHS6FbDf4gHI5rSMJU1BWcIOg&nvMid=29030419586&catId=50000248
Apple 아이폰 13 프로 맥스 256GB [LG U+],"1,030,190원",https://cr.shopping.naver.com/adcr.nhn?x=0vgOt3eVGEh2xCgm0WOuKP%2F%2F%2Fw%3D%3DsUrw0kQJ1AvU1p5HTKeFjp5a6H2clXCCTX0jf%2BuioCNxWQE1WikGGRjsm7ORTamZ7EuThldllwLS7maB6LmXeyzWz4pREwjcv0FRMyO3oysLeG5OL4eJVDEzIz5M6YrsB6ZTKwBbsQhbdYBfZSAkfDkPg%2F6PYJW9LpCSumzPJoiiI9aZyW4hhCgmcrsQhWGWGXQj7EDi%2F5gx5578oQw9R0%2FKAXVfyDB1yTbVYYpYzcFnUHxlEatbmVq7jmztE%2FywsEOfarYiwCd4hioQxH7PY56Uc7oJ0GV8I0vt0%2FsC%2BQlQHs%2F2PHkpmvWjL2qy1nHub7fLjS1i8FpU2AFanHSVylEpxAUH0fRfRyhLSAVkc7s1KjRp2D9pkBhcJdqPQCXkT728voueL%2B8yYcdVUdj5NURGEZAC%2BySYnqljm6AjDPvwLSv5SYzis5SVdiBAX6a8RKlG0H56J6GhRAoCVIyo%2FGe1iJjqSOPOSdnx5b1oBHB7pLKfV7lHXkGfYNhWiUOPtINRw1QNF%2FOPJXb5%2B358LYNnU3t1bMfihyhuNkb%2B6Or8Usqiq%2BaRdh19ZzFGBbFc8E6xlxRKxvQ7OEQ07Ymy1asnoo9WyDL9MptCVicOQ%2Fjbke%2FVP%2BgM94BPZkP5YJ%2Bex&nvMid=29030190586&catId=50000248
Apple 아이폰 13 프로 맥스 128GB [LG U+],"894,690원",https://cr.shopping.naver.com/adcr.nhn?x=fTasNqAHHxypVTJH5yRLAf%2F%2F%2Fw%3D%3DsEII5iCOvh0SYD22EqutC8A1qmYSnMO2uQPH9%2Bx9L11NWQE1WikGGRjsm7ORTamZ75yPIhn%2FCtR7NZtVhX%2Bit4jWz4pREwjcv0FRMyO3oysLeG5OL4eJVDEzIz5M6YrsB6ZTKwBbsQhbdYBfZSAkfDkPg%2F6PYJW9LpCSumzPJoiiI9aZyW4hhCgmcrsQhWGWGxThvsaGr%2Fa3dcgYtXiYoe%2FKAXVfyDB1yTbVYYpYzcFnUHxlEatbmVq7jmztE%2FywsEOfarYiwCd4hioQxH7PY56Uc7oJ0GV8I0vt0%2FsC%2BQlQHs%2F2PHkpmvWjL2qy1nHubUjFPgVx0AzPl5%2BOz4jsiHW14Iure1TPN7PT3GtCq85NKjRp2D9pkBhcJdqPQCXkTTnUIgeH15izfpnv9piWPIQbIQr%2FSgPcL0kcRLxBd%2Fs0LSv5SYzis5SVdiBAX6a8RKlG0H56J6GhRAoCVIyo%2FGUAVJpqBLiiByEqDGwZ5AOPpLKfV7lHXkGfYNhWiUOPtINRw1QNF%2FOPJXb5%2B358LYH8I%2Fg4m1i9IJ1sxgRdAltTvW2q1ZBpuV%2F%2FvtKUgTGHngdWpGrkSgUi8v%2BMDvadM4z2zM1G9vLZs5kGEin3Jfi%2FHICEQpPL7Rm%2B2fyhjEhHR&nvMid=29030352586&catId=50000248
Apple 아이폰 13 256GB [LG U+],"542,990원",https://cr.shopping.naver.com/adcr.nhn?x=GrUdlgl8snkGwcmOE8Cptf%2F%2F%2Fw%3D%3DstI%2B6XeJgdhz2YVnycfuFJMKsDZEzig%2BoVu0MzFQgD2hhJz9H0Ub4KLvuVTVtNMxMfPhZ5xTW3NGryLqFWfoMVW2dqEHdWvDHex2i5pQCQWBw6W5Icg1EaGK8FhY4HvVSEGlKxaPEXS%2BTlgb4lMsSYsi30QtKP1mA7BYZPpxeJLexWvZfe2todmJfmpbNrXnqxxsm%2FS7PvYrIy2gc0Hbz67ix7jXt7MNVc9AIu4EfDZlNEwRr%2B3STfYHGn%2FB5b3e4BfzlCHklqppUCWZ6vhqBVmPr%2F1g%2Bh2G52vm7o%2FQM7vEQhkkHXK4%2FmSRy5icYE%2F27BW36r4QZshREfg%2B3vq7RNnCNnRhL98mw8pux0UXkQQc6JIeyjRJJG8AQSjlBThBK%2Fkpsg5AguUQPduruz0ll4Sovqt%2Fxp8GHPiARZ00A7PMiNvEAyH7XT6ObGe95mRdUsw%2FEBFoDxdMAZ4HSpGP%2F1sq7yU0cxS%2FkU7vQEWJm8b5cZ8pgTGru4bgUYhRhw82xrpubzBVnRhg%2FWClYySOLL%2Bxbd5MWLJ%2FFZEyD8E7WSKmP9ozmdV%2FWs5eTR9VTjChbYSfHLtNNdpAuIFSBo2rlpm9TZjqEQTAbFzUBl8432wvhVEAf6wwM5tqtSh0bB5Hx&nvMid=29030189588&catId=50000248
Apple 아이폰 13 프로 512GB [LG U+],"1,173,190원",https://cr.shopping.naver.com/adcr.nhn?x=9fGyJyzWBrNBv0z1r2TMDf%2F%2F%2Fw%3D%3Ds4yQNLgmsrWt5u17ZRbuzU8oRdqOR8vWClv0PJQRKLBRWQE1WikGGRjsm7ORTamZ7W%2BEymKQgPiP741bmHZq8%2FDWz4pREwjcv0FRMyO3oysLeG5OL4eJVDEzIz5M6YrsB6ZTKwBbsQhbdYBfZSAkfDkPg%2F6PYJW9LpCSumzPJoiiI9aZyW4hhCgmcrsQhWGWGsM41xYZMvstYZslGG4yYf%2FKAXVfyDB1yTbVYYpYzcFnUHxlEatbmVq7jmztE%2FywsEOfarYiwCd4hioQxH7PY56Uc7oJ0GV8I0vt0%2FsC%2BQlQHs%2F2PHkpmvWjL2qy1nHube3FSYopAvhikS7MhEwjgm6xPFJDr%2FpvVTKrqZLRQhBRKjRp2D9pkBhcJdqPQCXkTUBXGWV6kJNhRfjHBpO4tFm3%2ByOBtZ7Ayr9B2NwM7P%2FULSv5SYzis5SVdiBAX6a8RKlG0H56J6GhRAoCVIyo%2FGSUdzHH2%2BXbFxUIVQFNI%2BiWE4FQdvRmo7oxOSvwywmchadB3rUo7%2FI7Dw9Lc2iQjt7gB2UbqZ%2B9xyzPfA4mzQngRpOFzCbaM6OU97uoPifjrFgGY574vrAeEanhaSwsUOwtvdlaL7jXZ0e6iYXCIuB6CqA6%2BrrPkSkQjk3bFq%2FUy&nvMid=29030295586&catId=50000248
Apple 아이폰 13 프로 맥스 512GB [LG U+],"1,305,190원",https://cr.shopping.naver.com/adcr.nhn?x=iJijFujNwFLDeyQ2J%2BjWgv%2F%2F%2Fw%3D%3DsxKj2jTo0rJdPUIUy7SKJoFm9IwPA47E6a5IEZUpBW%2BAbsBKbbjTB%2BBCjsLv6tz%2BjoyY4r%2BChKlW9YcCU8kZDfft%2Bh%2F93ZozHmbRCBfbx51pSUdGdbvWNKA2ZOV8ddR0aC%2BibZ%2BXQCH0tOvkh86Xl10gAn8lD2%2BxrgblrBqYwPdWug%2B9sjA7rHdeMLkY%2BwIMUeLonWMPrGi0RSJvZfvKEXzQZD6UDT51Dg8nNb9lI8fV%2BFLPJmN7kd5F0maTGsL0cFrSkyTNNHq45IeF9iQnXnuLWy43PRJAA6X8x78nplMyk6v2w9jBqMGR4TTsgYaQnlII%2ByYYqWVu3SSXxcjEJdKo807w2Ine6PMZtetiI9dlqLzcRVswO%2FNXTrA15l4GNYd6P7bKnf6IN9iERvhRLC4OQLoEpvTfdM5fNMBChqQicPfwzF9ktWcxdrcTtO8KUh7eRXhvx%2B18MP%2FzLgC0qJVOBpL3kKBeNwNuOk45o3IVSFvmOnbZDuSNlZXHFOiPVuwP9L0j7YvHB2OKNn2rLcCRA%2F2kS0UrO%2B7gv%2Fd1IeRE%2Fmbl5034Y28AnQ0RPqNbe%2BgtF15PMkmjkNDmi88yMRci6JvjysVMw0p55muk3jbT0UbNk5di1V8jUMbmtHii%2FBq7h9PA5SrIXrcWPClBGWw%3D%3D&nvMid=29030181590&catId=50000248
Apple 아이폰 13 512GB [LG U+],"902,490원",https://cr.shopping.naver.com/adcr.nhn?x=Ex1JJjn5Z7ZFYX6Agj48bP%2F%2F%2Fw%3D%3Dsj6CQ6zF7WV0LA7mUIrpuIBeddPDX%2BffhqEiSGmmvRp9hJz9H0Ub4KLvuVTVtNMxM89bTcIriD7O15FHjp4pZ5m2dqEHdWvDHex2i5pQCQWBw6W5Icg1EaGK8FhY4HvVSEGlKxaPEXS%2BTlgb4lMsSYsi30QtKP1mA7BYZPpxeJLexWvZfe2todmJfmpbNrXnqJg934XoEkbAciqCMIan0C7ix7jXt7MNVc9AIu4EfDZlNEwRr%2B3STfYHGn%2FB5b3e4BfzlCHklqppUCWZ6vhqBVmPr%2F1g%2Bh2G52vm7o%2FQM7vEQhkkHXK4%2FmSRy5icYE%2F27ZC%2BSXUxwyLUckntucAABtX9OfURfOyqGAfV8OzkDegY6JIeyjRJJG8AQSjlBThBK%2Fkpsg5AguUQPduruz0ll4bOI6Hlvjpgb5uFfnKTUCswiNvEAyH7XT6ObGe95mRdUsw%2FEBFoDxdMAZ4HSpGP%2F1kFDHYnQii%2B1Jr2q%2F2imU85cZ8pgTGru4bgUYhRhw82x0slNiRCUihwCM4raCnU9Xp%2Fq4rAyz3X%2BtuZWKV%2BStceP9ozmdV%2FWs5eTR9VTjChbdV5h2aHfGLyPEDDepV%2Fgw29TZjqEQTAbFzUBl8432wvhVEAf6wwM5tqtSh0bB5Hx&nvMid=29030296586&catId=50000248
Apple 아이폰 13 프로 맥스 1TB [LG U+],"1,580,190원",https://cr.shopping.naver.com/adcr.nhn?x=SvPTTQekRC7FTrv18Dgi9P%2F%2F%2Fw%3D%3DsveJZOGLnoC0hPVk8PSXJhx3R5axszVw0I4zMHzJUqXFWQE1WikGGRjsm7ORTamZ7j3h%2FFrIdkDgab4nNjd0svjWz4pREwjcv0FRMyO3oysLeG5OL4eJVDEzIz5M6YrsB6ZTKwBbsQhbdYBfZSAkfDkPg%2F6PYJW9LpCSumzPJoiiI9aZyW4hhCgmcrsQhWGWGdFf8cZ5fx6bhUbyduD1LEPKAXVfyDB1yTbVYYpYzcFnUHxlEatbmVq7jmztE%2FywsEOfarYiwCd4hioQxH7PY56Uc7oJ0GV8I0vt0%2FsC%2BQlQHs%2F2PHkpmvWjL2qy1nHubqIse4G0aDePWji6ofOSpbpJz%2BfRUF%2FmHdRraiakcf7hKjRp2D9pkBhcJdqPQCXkT728voueL%2B8yYcdVUdj5NUY6hdhZFKDQq7jkvhJjzq7gLSv5SYzis5SVdiBAX6a8RKlG0H56J6GhRAoCVIyo%2FGYbfiYx3dBtkHHcpo4O536QZyVXP8MBx51PcdtMFtsvBK2ud1b%2BfZwYPU0n%2BzLfOdZ944dj9EN0AYPWxVViNlppPwCXFJiRdosf3os3K%2FWn18oyoJb8p7CTcPrW7QlEKZ19r1MA3cZHU8OZmPxnGRUXNjqh%2FZemCCOboDhnweAmG&nvMid=29030181587&catId=50000248
Apple 아이폰 13 프로 1TB [LG U+],"1,426,190원",https://cr.shopping.naver.com/adcr.nhn?x=5aiaFA70KJKtYpfdfetdbv%2F%2F%2Fw%3D%3DsT6Z1k8xgu1xo%2FtlaVvl8y92rRxdy7Aq%2FO6DoF%2BlP7e9WQE1WikGGRjsm7ORTamZ7md%2BcYmJeqhykJZGFH1meWTWz4pREwjcv0FRMyO3oysLeG5OL4eJVDEzIz5M6YrsB6ZTKwBbsQhbdYBfZSAkfDkPg%2F6PYJW9LpCSumzPJoiiI9aZyW4hhCgmcrsQhWGWGSTPU5ABzv3XWI4RtHnUCp%2FKAXVfyDB1yTbVYYpYzcFnUHxlEatbmVq7jmztE%2FywsEOfarYiwCd4hioQxH7PY56Uc7oJ0GV8I0vt0%2FsC%2BQlQHs%2F2PHkpmvWjL2qy1nHubEcCiHPD2F%2FZ%2BIVquwWSzrZGOKAZ3lAxhF4SeMyr8czpKjRp2D9pkBhcJdqPQCXkTUBXGWV6kJNhRfjHBpO4tFoIS3yOUkN3xv8%2FLsEI7itELSv5SYzis5SVdiBAX6a8RKlG0H56J6GhRAoCVIyo%2FGVjjwWdiDOkSEAApPXZ%2FgDbyNHyBUXwWVD2ki0TxnNzyKSNNrO42xeICw1pFdfTq6Dprtd9m8MRZX8%2BhaMSRQoSOv%2B%2BG7P8zZs54SDuTec41mXOPDYbQx0QwM1EpGJQ2rW2NXhu5wGdCIJJuxZmMqZNB0CIl3BeKsFF2drF%2B%2BsFv&nvMid=29030294586&catId=50000248
아이폰 13 미니 자급제 256GB 핑크 MLK73KH/A,"1,046,727원",https://cr.shopping.naver.com/adcr.nhn?x=CIB95Ll116Yiwh%2Bqvflvo%2F%2F%2F%2Fw%3D%3Dst%2FeGLsqGW2mIfGDO1E2OieCCpsx45myCJplQCTLuCb1hJz9H0Ub4KLvuVTVtNMxMbH4ZdQvh2bZw3lwLI9aUrW2dqEHdWvDHex2i5pQCQWBw6W5Icg1EaGK8FhY4HvVSAJMef2zPqtSA6T3RGL9KDiTGCD9Vz5n4ms8MDGQoS0OXy0ZyPizqqSo9HPLc4z9ck2b%2B2g1SjUstgAO%2FQzlgboDxDTRW7rVvJdhooCJMAQqorYoLP33X0ay3h2id35cpW0W7fEggyYTMgSGtXVNQKhMIglVZpcUmm0eqB0bEDBxNk%2F62dFEIcXAaMR%2FEnT5QgGwmPNX%2Fe%2BXkuZ30duRQYj%2FN1gL%2FBgCKENDMCz1nm%2F2rDhnx%2Ffjm2AUqHlkWKL5WEi5vNrYIpLCR59GIwxqT6L1%2FNmOSJbPXC3gQ7tS8mQdGdbsa4R5y5C%2F5OaSGzcekFCJLeTNMiIpdd72TMnUFR5QK0GC9q1JIUUXqyu366aXN6RhNi%2B9ARrm1f0n%2BZB7PFy22i8QkflY7iYcbJYfA4tVJxRu%2BcsTgWMu4k6E0YlI%2FJNieOJR1yM6XQMHEJRo%2FkI03fy3XYh3WaINApAU9csvTtug4vCjEvohqOyQz59m7B27%2Fqt0sVLcfbhAMzYzUbA3szWd0rXbAa6Xr3EgtP82OqH9l6YII5ugOGfB4CYY%3D&nvMid=29883425290&catId=50001519
Apple 아이폰 13 자급제 미드나이트 128GB,"1,190,000원",https://cr.shopping.naver.com/adcr.nhn?x=AeTjVxqGjVc2IPoqA1s2z%2F%2F%2F%2Fw%3D%3DsOsKjJUgD1bWWxobhDjyuZwBS%2FUrfEVT2PAJ7oI5m0O9WQE1WikGGRjsm7ORTamZ7ydyaENrb8sDPNbntE5nmVzWz4pREwjcv0FRMyO3oysLeG5OL4eJVDEzIz5M6YrsBhXmRYLegHYpxcKg2Jwtuf3zmYN%2Fcvl75AGnByk2TjWEm5OY6%2FBA05LWPXaqTF3xXnI3Q%2FuFm111yFJnQ1iq5B6N13Zjdmb96RUIYIswoTaji1ShxDj3lM6ehtxvMu3DzWwAzhNpVDeOw8WCHO8imOXg3EQxPhKWTar0VS1vC4rjqr3DgUNuTkn%2B2%2Fd4eIbM0SLmSdnm4jEePvWMN06kS%2FKuKWQN4b7WstTXVRp4V%2Fd2Kx7G3krbJiQXzryuwwOqJVSgQkwe6VgH%2BF2qy7GH2Ku2hjmpt6BpUckl7kHJ2TRN%2FlLnJwMa7Bt8R2%2FUDqQrCcbVoYx3He%2BEoyW7iQTZppx20ipHVjWAtOge0HwqjDy0hXHOOZMpJ80X5MRT9vzbWoZCzrTtPk%2FaPt9SkQ3hr6AlyNtX7aM3sIgU%2FAX3Rvo5ebMAaBR1alFUMnnjjxvM5D08EF1vCEEnyhODcLwsO6g8En4LAO14zfn45ZIJxOjHmELFO07QEQYUyi%2Bk709RT6XFgEeOhqlj9xuPhUY%2FZP7HyFzszRjv4MWDrYZBwdeIDfkLIyuldBS3f8m8e6nLmzUhNzs2VE%2B%2Bisqs3JAEppg%3D%3D&nvMid=29056433547&catId=50001519
아이폰 13 프로 자급제 256GB 시에라 블루 MLVP3KH/A,"1,415,500원",https://cr.shopping.naver.com/adcr.nhn?x=wnGJIr0fNEuTwq2HvNL%2FGP%2F%2F%2Fw%3D%3Dsmd89y%2BvgnZuj2t4QDfiw%2BOqkyP5pv4X14iKOzAMLO1UbsBKbbjTB%2BBCjsLv6tz%2BjI7%2BCf4TsK%2F9sInlLoSWW19lTVoeZ6%2BqqHXDJEUVux3hSUdGdbvWNKA2ZOV8ddR0aS%2BgkSEzQgN%2FqRMMfNfSSxtPmzbzik657D0NHGlvuC1qzThlGe2Ge4A1GSHxAxRmjVCcIOxzio2nxu2Xb8kLCBW2BGDxhAxqRwaV7gkY56OEzv45lIlRi2gLAypmDIOZN%2BXqGo8kg1tNYDga3A2xwhz%2ByxD0kwl45vzplo%2BMSqDYoGtXHo4uhm5BIJrbHsBg%2FlxxYVIpidz7VDaRrsO%2F84cHPv45Edr5fvvv%2FlTzZa4VEOnKSk6pZmBmpZwGZXBENfeTkDPXUXfjCycbEARAzy1d%2BqILAG09hjAR1K3qLYkB7Z74wdFvF9yTiOvEjGJEcCrUOQegg1%2BRlpqf5d3HId1FfYAQmtmEw%2FTpJZffad%2BkRdj3S3uy788ewHvbPD6W3yIETN7KJqOJZ7qVlXXsxzv%2B%2FdpgKunM2CyMoqZc%2BygTVScUbvnLE4FjLuJOhNGJSD7lMDcjbJRDVKh808MC8INgCzNiaxzuzovAXPcviX8nL07boOLwoxL6IajskM%2BfZeBFoiI%2FuhUnPJjNMeklyboCO9%2FJcBl2Ipjnd1xf00Q7Njqh%2FZemCCOboDhnweAmG&nvMid=29727542835&catId=50001519
아이폰 Apple 아이폰13 미니 128GB 기기값 24만원,"246,000원",https://cr.shopping.naver.com/adcr.nhn?x=qW21THmUELsFx%2Fw0tcYyjv%2F%2F%2Fw%3D%3Dsj2UxYMiXQ%2Bvw6AWGUYEbJWarLrb%2ByPtDau%2Bd3sRqoPVWQE1WikGGRjsm7ORTamZ7CN%2FXXVZwj97EM5LQgPj1TzWz4pREwjcv0FRMyO3oysLeG5OL4eJVDEzIz5M6YrsB%2BMDMxL3xF3pf259Z15Lz%2F5xspcflZYjogUa%2BtzON8Ln2UH1RiEW6vY1FWnWOVWrQ84EcMY1WiED3LO8B9%2FwPkTHGXY6tUCzObEtAMhsCj%2FDi1suNz0SQAOl%2FMe%2FJ6ZTMpOr9sPYwajBkeE07IGGkJ5SCPsmGKllbt0kl8XIxCXS7wAy%2B%2FQ1X%2FVAJzo0%2F7YNAXa1PYAb0zmPF1cRoKRscXbNGbqPbM%2BPUQeh1yo2hK0EnlT2u%2FgYsynTYU9Cqz%2B25VvvTE4ug5zIElwKkPN5YucxLlqTJqT0c9Abcn8hZrjM7ZwGj4ZcK25iKE47SH20QsyJBVW3ByxLgi4spS%2FRbHzys%2Fl6raz8M0zOoczTVn%2BUDhOUVRliqXJjwY2%2BElH9291xYRgtxvSNL9FgO3SLREIYC%2FbED3GC5WQIkmmh93e6UD38vQcHEbk4v3cDoVYioniOPmZ9aTnbJUPVu1JqPrQ4SwcLvxUEucVmH%2BcOht40%3D&nvMid=29860284145&catId=50001519
애플 아이폰13 프로 맥스 256G 자급제 미개봉 새상품,"1,348,790원",https://cr.shopping.naver.com/adcr.nhn?x=tduW5HsSHz2j2KtdaM01bP%2F%2F%2Fw%3D%3DswZM%2BIPOHp1siYxwQwEn2pqGwbGUUGuQw2liBracdul4bsBKbbjTB%2BBCjsLv6tz%2BjWwwVq3bEtc6%2FNlA4lwW%2FpToPQ1Gixo2k6kate7fj%2F2lSUdGdbvWNKA2ZOV8ddR0aC%2BibZ%2BXQCH0tOvkh86Xl18mCS8YqD3IEJhWUPeYSnGEnxTl42dGCYBR9DMfmEMwE8BTo7WWKTiPf%2BgJdNow%2FHu6iNtDUWO%2FzLoB4ME6bgwWWEVAoemnsQNnl5sCNTLUf536AAHD%2FaCjs0HXPjfSeOiiNMdu%2FDZwp%2Fv96WTM%2FWqDGsCEAaB0bUuA7guzNM7s6jRzIZBRBP9tfZe7iKJlxFGPr%2F1g%2Bh2G52vm7o%2FQM7vEQhkkHXK4%2FmSRy5icYE%2F27BW36r4QZshREfg%2B3vq7RNtSM30nbGrW4ZPgSxjOEY2uFSpe2oafqSnR5pirQESAHbF4OZVL2Q%2FcwuxYvViSTh1wxVu6qhwqFQaT0zediFB7AK%2BFEp2ob85bpvvxlv70gi22MuuUksl3N99f8Jv%2B%2FIR0FDoGwtxN%2B5xJO0sRqQSNwlF5K4%2Fpytfy3wyNg7ApJ6DdmUazCncR%2BAD%2BiboiusKWRfrjtl2OPD36vkxy%2Bn5rSKvoaMgTUYOMtSAN7CDRH%2FpnnQPVPjPtaufIXD%2BTLSO%2FPYxLFSdE5IWfGe06FSKRAT9OiyVxa6WmkPA9eJJ6YyiFVTHM8ecPUB3zJft3buYKoDr6us%2BRKRCOTdsWr9TI%3D&nvMid=30681119225&catId=50001519
(픽업전용) 아이폰 13 자급제 128GB 핑크 (MLPH3KH/A),"1,057,300원",https://cr.shopping.naver.com/adcr.nhn?x=RYdrZyo4J6v79uwnIw9rPf%2F%2F%2Fw%3D%3DsS3rjzzqZ%2FdAaSF2Cd%2B2LgTxoGMCIa0C0%2BITKePoTTRsbsBKbbjTB%2BBCjsLv6tz%2BjzTekiORsY7PxeRE8EKcVDRInNRBD11v4waE%2F7RJbEjRSUdGdbvWNKA2ZOV8ddR0aS%2BgkSEzQgN%2FqRMMfNfSSxrDfeGMqfQ0rmE84fdtrdThnab49ka2BEgXu%2F0MiHff%2FaRfuxXEKBWhKWUQSQl%2BLoOUwCUdurQqk%2FIXh913PDvlfLsHcJtEnolFr3j1bTI4wvKQLW7xNGUX3dDPz2tB%2F1m53ZNa0PzfieEAiP0GcTE5VXemfpmeX70wC2wQT5nyi5pxiwDZPU40LYzhHX%2FcRvw%2BnbqNx44sPc9TIz2RRL%2Bt9kIxpiGfiR%2B1VqEFkr2UI%2F0X8gFBBhr6rnnTk5Nq2rMjbCElAq8viF9RaI1k9siGzFY1iDI4MuyCC9LXgGBAqXcli3kW5X0meOfd1qMH4PzbD5QTVvpBShlXARjKkmvYwNbnTfGX3d%2BAaT0534aAs%2BexrW%2BPBDHDrx337YwB%2BoNBTxKsVsEofTHxVdkzVPm%2Fj4S%2BOtthldyDJwCjn7iFLxsadoMa1MQCsfeh3GCSxONnNdwgOWHGvjY0RoG0FmEazv0HZIVyBOrip7AZt4mJTiBN%2FvKthF%2BgHhlYRfuOG7gau4fTwOUqyF63FjwpQRls%3D&nvMid=30129485327&catId=50001519
(픽업전용) 아이폰 13 mini 자급제 256GB 미드나이트 (MLK53KH/A),"1,057,300원",https://cr.shopping.naver.com/adcr.nhn?x=xQZyXWSjv5M7A1qPoDQSu%2F%2F%2F%2Fw%3D%3Ds9jTh1cDj15gIP3lWfTLwECcisPEtqsTW9%2FCLo8DrTRobsBKbbjTB%2BBCjsLv6tz%2BjDXeMK0utehaJQpG1IDjhxh6D%2BMPiAtdyqInNaV0lSOxSUdGdbvWNKA2ZOV8ddR0aS%2BgkSEzQgN%2FqRMMfNfSSxnCmjomTCfccIxWbx2Xshhmig%2BHNPcXun0BGYcBoypJ8G27CQ1XyGLGC4MouuXSn9wGu0nVzQO6Xf3ALJo14%2FUAqs8FI7PXXYjZcp%2FrPY3q3ttL9uhYa5SgY92RIBZWuAzPKqoXGD0ZBVaQhIv9ogxRM0BRs5MJGIQ6G2y%2B40wYVw6ZjbtkbN7RD61dGUzg7G1qsmhWtsS26cBgiQoajA6rApdYxQkrY%2BbfJIK2yfyVCdhtgPq3y5iobc5E4eksViAxuHr8vjNd4%2BuFGDp4U8hniQMtntkt18LHlUPuXxCRBsv4Pv0kWpdQcKGzAgoBrl1E1qLu%2FkBAjvNxL0McN5jdKAW2qyKDeGQQTV21F0S6sxxQKj6JrM6YVFXHFhWqCJ1qFk%2Bcnp4EJvarw0CqPj0A95R7x1AN3mvU8F%2FBtvkIbC%2Bp633m53JCQqoKkv9VJyOf9EpzduBS2Q5AIdc6EozSssl44ewlJtUp%2F9Xo%2Bt4jhfBWew7K%2BNgTzofk5xuamU8HOPjOfZ7b3QiniiQQbKEmR1rEwTYDP1Lmx2y0UQV7pgqgOvq6z5EpEI5N2xav1Mg%3D%3D&nvMid=29233107812&catId=50001519
아이폰 13 미니 자급제 256GB 핑크 MLK73KH/A,"1,057,300원",https://cr.shopping.naver.com/adcr.nhn?x=WylASyTM5OvjZbL77USNIP%2F%2F%2Fw%3D%3DsUZ49PacWeVHNcNLX1MmZ98pMwCZV%2Bv9zt4YTtRVA72cbsBKbbjTB%2BBCjsLv6tz%2Bj4%2FeU4lc4LPLnMriw%2BXT4RwbrlGUNG4wi4GjkDNRqymdSUdGdbvWNKA2ZOV8ddR0aS%2BgkSEzQgN%2FqRMMfNfSSxtPmzbzik657D0NHGlvuC1qzThlGe2Ge4A1GSHxAxRmjVCcIOxzio2nxu2Xb8kLCBTPdaFSCi79%2BOLc0I%2BnbIkUzv45lIlRi2gLAypmDIOZN%2BXqGo8kg1tNYDga3A2xwhz%2ByxD0kwl45vzplo%2BMSqDYoGtXHo4uhm5BIJrbHsBg%2FlxxYVIpidz7VDaRrsO%2F84cHPv45Edr5fvvv%2FlTzZa4VEOnKSk6pZmBmpZwGZXBENHJ%2BJ%2FitqV5%2B%2F%2Fchd6TKcd1d%2BqILAG09hjAR1K3qLYkA5BtyLavdKd0mL9gTwV1kTxi6pPmDC2mHnWkQjdT0Oh1FfYAQmtmEw%2FTpJZffad%2BmjPejU53uzGj5sbg6gRaQpcbWxYLbBhSCl7GycrP16ULPdSrcwl%2FJCDQPsDHtsBitsuLdiWw6pJpbLf1K%2FZE0b2hQZGvQvohZyu%2FhQGHYXL%2BYQsU7TtARBhTKL6TvT1FM1BV5sjFs3FgCzc%2FJ3GbL7UPRc%2B8QQutNRTh2cJyQjB29TZjqEQTAbFzUBl8432wvhVEAf6wwM5tqtSh0bB5Hx&nvMid=29883367781&catId=50001519
해외아이폰13 미니 128GB 레드 무음카메라 홍콩 언락폰 듀얼유심 페덱스 전세계 배송,"940,000원",https://cr.shopping.naver.com/adcr.nhn?x=n3TiDG3bXy8plGt%2B7Pbop%2F%2F%2F%2Fw%3D%3Ds0f0lbrFiFH9l3I9heQysL1oNA%2FnLZd0TvS80YSmBCD9WQE1WikGGRjsm7ORTamZ7bvEWRqtnaaZIK6yK7cQ4czWz4pREwjcv0FRMyO3oysLeG5OL4eJVDEzIz5M6YrsB6ZTKwBbsQhbdYBfZSAkfDruVw3GdaDAvxDSjC3cnt2Z%2F22ms%2BW8TiQQNz%2FOHMMFFnPBHcqlBjJGCDE4yVTZi%2B0zQFGzkwkYhDobbL7jTBhXDpmNu2Rs3tEPrV0ZTODsbWqyaFa2xLbpwGCJChqMDqnzmQOoo%2FxOPPZgR6hk0olB1p2mrgIxhUoS%2BHXe6OYT6K98KaIZa4VBE0V5wqYGSTqrKVeBveeg3VwNO2lfdyQyMHn7BDBNaqXNmoKbAeTMvg4YgBD0DCjIQBAMtOP05eEcKypanw1w0iaqdEnbDfkGjnBrE9PGR2zEG%2Fkzw%2B51qfB1nBZn8zXsSHPQd3Ui%2FDhTL1roDxyXpg5eP4epBsMK1F7emSv%2FHpO1vM3w0zPlZcHRRnrdPk4dZMoGtHaoIUFjf3cBVd8P9wue94FqsNZLc2CNHnR%2B7ObjDV%2Fw2bfQtcg1428xUWJt9B41vQjulVaS2nwrK9snmcWPKCkMObylJItt%2B7S3Ym3%2BjKE2euxk6y76YvCumw93MJdpM7KUknkHQIiXcF4qwUXZ2sX76wW8%3D&nvMid=83409625439&catId=50001519
(픽업전용) 아이폰 13 자급제 128GB 스타라이트 (MLPG3KH/A),"1,057,300원",https://cr.shopping.naver.com/adcr.nhn?x=%2F6GPrqhEcKAkfqH76U88Uf%2F%2F%2Fw%3D%3Dsh%2FK2yKuuFP15aWFg43CZ%2FO1uLDvVCcHeJgmCMYJNuvYbsBKbbjTB%2BBCjsLv6tz%2Bj4MpRO6QxtEO1Ns9yc%2BijSgIFQUBdem6uLEU0dfxN%2Bv5SUdGdbvWNKA2ZOV8ddR0aS%2BgkSEzQgN%2FqRMMfNfSSxrDfeGMqfQ0rmE84fdtrdThnab49ka2BEgXu%2F0MiHff%2FaRfuxXEKBWhKWUQSQl%2BLoCvewCEcA5%2B99wACTwAaOfRfLsHcJtEnolFr3j1bTI4wvKQLW7xNGUX3dDPz2tB%2F1m53ZNa0PzfieEAiP0GcTE5VXemfpmeX70wC2wQT5nyi5pxiwDZPU40LYzhHX%2FcRv%2FTVT3kMUOMNPZInmJikY2d9kIxpiGfiR%2B1VqEFkr2UI%2F0X8gFBBhr6rnnTk5Nq2rCLMB451h4FMdzVNVNg5B96zFY1iDI4MuyCC9LXgGBAqXcli3kW5X0meOfd1qMH4PzbD5QTVvpBShlXARjKkmvYWpKCxvhmLAr9P52kFJW6JlWhPmdfmZOiZbjIfWd8XAfOi2lHHxnruEw9S4MavtyFQ5CW24VFuqsuk2wRJ1m9VsMtLysikxSx1AniYjY4ZgS6CIOHlLyf7tFzQx427OB0Os09tK9M%2FIEXg8zD%2BTcAYn7OEnjPN5NEahqpZTlkmDeR79U%2F6Az3gE9mQ%2Flgn57E%3D&nvMid=29314004313&catId=50001519
아이폰13 미니 128GB 미개봉 새상품,"724,710원",https://cr.shopping.naver.com/adcr.nhn?x=RZgoBEjIWbbcaQcxRfe%2Bn%2F%2F%2F%2Fw%3D%3Dsmn6Vyh6yOfjsfS98l1pH3H7hhzho9sHzYBsi8cExCm9WQE1WikGGRjsm7ORTamZ7npvdSSFJObg2Cs18fqFVDTWz4pREwjcv0FRMyO3oysLeG5OL4eJVDEzIz5M6YrsBaVdF6Q41Evkq17jSt9TcUIt2ZA0FpVCmeDurkYF5cmwrsB9LRUriY4ptLC3ROCQurIvFAB3xLu5xaAjmfNLZBtRmPk3j0crULI1LYItb6WZBFSLSBOyypbyHhp9gF%2FYRHaFtdQ%2BQjynz1SClgrOfMqsJF1TG8DXvuOXRWh2aiSE1QmeK3ZPITzKHcbEnR%2BI80PL%2BLXpqS%2FQ14n3wJpZOas9tALqCe9A9h%2Fx%2BFw%2FQPhzYe9CsbWrnsboog%2B94RL%2FIbPf1wu4dvK1ayQk49fsAYMNEMQT2w%2FlNMXBMS6lJgN70EKU4s6%2FR3k5BQ8O4C0l2Bj53ycAigOBGSuGTAVGWrOg3ZlGswp3EfgA%2Fom6IrrClkX647Zdjjw9%2Br5Mcvp%2BalEltwekefrhteZAwGQI5VNoHmPCyHrOyoP4JkT2nrpWfQCxG3KRxykmmDTT%2F9NI3r%2BT2FRB670q5RMdQjkzM5r0sgHbZjxSCleF1XDKA1xMGruH08DlKshetxY8KUEZb&nvMid=30717422258&catId=50001519
아이폰 13 자급제 128GB 미드나이트 MLPF3KH/A,"1,057,300원",https://cr.shopping.naver.com/adcr.nhn?x=v0svh1Ph4HO6zojsMFWRSf%2F%2F%2Fw%3D%3Dsde2kObH%2F2q7j4gDYQnZklCYL3st8HWZhnMjRvPJFE%2BQbsBKbbjTB%2BBCjsLv6tz%2BjZXulnWtToO9zFV2IRWyBwM%2FRaQgpKc%2BMpQAcOC3c6SJSUdGdbvWNKA2ZOV8ddR0aS%2BgkSEzQgN%2FqRMMfNfSSxtPmzbzik657D0NHGlvuC1qzThlGe2Ge4A1GSHxAxRmjVCcIOxzio2nxu2Xb8kLCBQSQ51c7EeygCHlo4gx%2FJoMzv45lIlRi2gLAypmDIOZN%2BXqGo8kg1tNYDga3A2xwhz%2ByxD0kwl45vzplo%2BMSqDYoGtXHo4uhm5BIJrbHsBg%2FlxxYVIpidz7VDaRrsO%2F84cHPv45Edr5fvvv%2FlTzZa4U9b9aGzCz6aopnJILC3Fv%2FaA5bx3cC6i1W6b4iSZu%2B9ld%2BqILAG09hjAR1K3qLYkCKe8uLO544QA4mu5NYDkSQNw%2F1kBPANj3VlIkzhv8x%2FVFfYAQmtmEw%2FTpJZffad%2BmlY0bGstmvRrypnWD8dLMEWZ3QzX%2FviLr7BpFoghgkBt%2BhE8ewbx8LHvjqeUg76ghEWJRtJFDAn29UzatfRLV%2B1SgD43%2F2UnjHOtj%2BCgogkoOuAKV6RXG1Is03XJLviBf0uv1%2BdvKCQ1%2F%2Fe6PGaA9IvOdSHKPO0CjZb5LCfZfgjBehzMbbOe9GpU3etHaL6AoGruH08DlKshetxY8KUEZb&nvMid=29057598753&catId=50001519
